ID;Type;SKU;Name;Published;Is featured?;Visibility in catalog;Short description;Description;Date sale price starts;Date sale price ends;Tax status;Tax class;In stock?;Stock;Low stock amount;Backorders allowed?;Sold individually?;Weight (kg);Length (cm);Width (cm);Height (cm);Allow customer reviews?;Purchase note;Sale price;Regular price;Categories;Tags;Shipping class;Images;Download limit;Download expiry days;Parent;Grouped products;Upsells;Cross-sells;External URL;Button text;Position
169;simple;1;Tenshi/Angel;1;0;visible;;"&nbsp;\n\n&nbsp;\n\n&nbsp;";;;taxable;;1;1;;0;0;;;;;1;;55;65;Anime, Anime > Furyu;angel beats, anime, escultura, estatua;;http://george-store.com/wp-content/uploads/2021/02/tenshi_angel.jpg;;;;;;;;;0
173;simple;2;Ako Udagawa Figura Premium;1;0;visible;"<ul class=""a-unordered-list a-vertical a-spacing-mini"">\n 	<li><span class=""a-list-item"">Producto oficial de Sega.</span></li>\n 	<li><span class=""a-list-item"">Figura coleccionable de alta calidad.</span></li>\n 	<li><span class=""a-list-item"">Requiere montaje menor.</span></li>\n 	<li><span class=""a-list-item"">Disponibilidad limitada</span></li>\n 	<li><span class=""a-list-item"">Aprox. Tamaño: 2.0 in de largo x 2.0 in de ancho x 7.1 in de alto.</span></li>\n</ul>\n&nbsp;\n\n&nbsp;";"&nbsp;\n\n&nbsp;\n\n&nbsp;\n\n&nbsp;";;;taxable;;1;1;;0;0;;;;;1;;55;65;Sega > School Days, Sega;anime, bang dream, escultura, estatua, school days;;http://george-store.com/wp-content/uploads/2021/02/ako_2.jpg, http://george-store.com/wp-content/uploads/2021/02/ako_1.jpg, http://george-store.com/wp-content/uploads/2021/02/ako_2.jpg;;;;;;;;;0
176;simple;3;Rinko Shirokane;1;0;visible;"<ul class=""a-unordered-list a-vertical a-spacing-mini"">\n 	<li><span class=""a-list-item"">Producto oficial de Sega.</span></li>\n 	<li><span class=""a-list-item"">Figura coleccionable de alta calidad.</span></li>\n 	<li><span class=""a-list-item"">Requiere montaje menor.</span></li>\n 	<li><span class=""a-list-item"">Disponibilidad limitada</span></li>\n 	<li><span class=""a-list-item"">Aprox. Tamaño: 2.0 in de largo x 2.0 in de ancho x 8.3 in de alto.</span></li>\n</ul>\n&nbsp;";"&nbsp;\n\n&nbsp;\n\n&nbsp;\n\n&nbsp;";;;taxable;;1;1;;0;0;;;;;1;;55;65;Sega > School Days, Sega;anime, bang dream, escultura, estatua, school days;;http://george-store.com/wp-content/uploads/2021/02/Rinko_1.jpg, http://george-store.com/wp-content/uploads/2021/02/Rinko_1.jpg, http://george-store.com/wp-content/uploads/2021/02/Rinko_2.jpg;;;;;;;;;0
180;simple;4;Black Rock Shooter;1;0;visible;"<ul class=""a-unordered-list a-vertical a-spacing-mini"">\n 	<li><span class=""a-list-item"">Importación de Max Factory</span></li>\n 	<li><span class=""a-list-item"">De la serie hit</span></li>\n 	<li><span class=""a-list-item"">Juntas lisas pero articuladas.</span></li>\n 	<li><span class=""a-list-item"">Incluye tres expresiones</span></li>\n 	<li><span class=""a-list-item"">Soporte articulado para figma.</span></li>\n</ul>";"&nbsp;\n\n&nbsp;";;;taxable;;1;1;;0;0;;;;;1;;;85;Max Factory > Figma, Max Factory;anime, articulado, figura de acción;;http://george-store.com/wp-content/uploads/2021/02/black_rock_1.jpg, http://george-store.com/wp-content/uploads/2021/02/black_rock_1.jpg, http://george-store.com/wp-content/uploads/2021/02/black_rock_2.jpg, http://george-store.com/wp-content/uploads/2021/02/black_rock_3.jpg, http://george-store.com/wp-content/uploads/2021/02/black_rock_4.jpg, http://george-store.com/wp-content/uploads/2021/02/black_rock_5.jpg, http://george-store.com/wp-content/uploads/2021/02/black_rock_6.jpg, http://george-store.com/wp-content/uploads/2021/02/black_rock_7.jpg;;;;;;;;;0
188;simple;5;Kurosaki Ichigo;1;0;visible;"<ul class=""a-unordered-list a-vertical a-spacing-mini"">\n 	<li><span class=""a-list-item"">Material: PVC.</span></li>\n 	<li><span class=""a-list-item"">Tipo de artículo: modelo.</span></li>\n 	<li><span class=""a-list-item"">Tamaño: 9.8 in.</span></li>\n 	<li><span class=""a-list-item"">Grado de terminación: productos acabados</span></li>\n</ul>";"&nbsp;\n\n&nbsp;";;;taxable;;1;1;;0;0;;;;;1;;230;250;Square Enix > Play Arts Kai, Square Enix;anime, articulado, bleach, figura de acción;;http://george-store.com/wp-content/uploads/2021/02/Ichigo_1.jpg, http://george-store.com/wp-content/uploads/2021/02/Ichigo_1.jpg, http://george-store.com/wp-content/uploads/2021/02/Ichigo_2.jpg, http://george-store.com/wp-content/uploads/2021/02/Ichigo_3.jpg, http://george-store.com/wp-content/uploads/2021/02/Ichigo_4.jpg;;;;;;;;;0
193;simple;6;Stain | My Hero Academia;1;0;visible;"<ul class=""a-unordered-list a-vertical a-spacing-mini"">\n 	<li><span class=""a-list-item"">Increíblemente detallada figura a escala de 7 pulgadas basada en la Academia Anime My Hero</span></li>\n 	<li><span class=""a-list-item"">Diseñado con ultra articulación con hasta 2</span></li>\n 	<li><span class=""a-list-item"">Stain aparece en su traje Villain de la temporada 2.</span></li>\n 	<li><span class=""a-list-item"">La mancha viene con su Kitana, y la base</span></li>\n 	<li><span class=""a-list-item"">La figura se muestra en el embalaje de la caja de ventana con temática de My Hero Academia.</span></li>\n 	<li><span class=""a-list-item"">Colecciona todas las figuras de My Hero Academia. Katsuki Bakugo UA Festival y Tenya Iida. Las figuras se venden por separado.</span></li>\n</ul>\n&nbsp;";"&nbsp;\n\n&nbsp;";;;taxable;;1;1;;0;0;;;;;1;;;55;McFarlane Toys;anime, articulado, Boku No Hero, figura de acción;;http://george-store.com/wp-content/uploads/2021/02/Stain_1.jpg, http://george-store.com/wp-content/uploads/2021/02/Stain_1.jpg, http://george-store.com/wp-content/uploads/2021/02/Stain_2.jpg, http://george-store.com/wp-content/uploads/2021/02/Stain_3.jpg, http://george-store.com/wp-content/uploads/2021/02/Stain_4.jpg, http://george-store.com/wp-content/uploads/2021/02/Stain_5.jpg, http://george-store.com/wp-content/uploads/2021/02/Stain_6.jpg;;;;;;;;;0
;;;KOTOMI ICHINOSE;1;0;visible;;;;;taxable;;1;1;;0;0;;;;;1;;;55;Anime;anime;;;;;;;;;;;0
;;;KYO FUJIBAYASHI;1;0;visible;;;;;taxable;;1;1;;0;0;;;;;1;;;55;Anime;anime;;;;;;;;;;;0
;;;RYOU FUJIBAYASHI;1;0;visible;;;;;taxable;;1;1;;0;0;;;;;1;;;60;Anime;anime;;;;;;;;;;;0
;;;TOMOYO SAKAGAMI;1;0;visible;;;;;taxable;;1;1;;0;0;;;;;1;;;120;Anime;anime;;;;;;;;;;;0
;;;CRASH BANDICOOT;1;0;visible;;;;;taxable;;1;1;;0;0;;;;;1;;;55;Anime;anime;;;;;;;;;;;0
;;;HESTIA;1;0;visible;;;;;taxable;;1;1;;0;0;;;;;1;;;180;Anime;anime;;;;;;;;;;;0
;;;AQUAMAN;1;0;visible;;;;;taxable;;1;1;;0;0;;;;;1;;;120;Anime;anime;;;;;;;;;;;0
;;;BATIMOVIL BATMAN FOREVER;1;0;visible;;;;;taxable;;1;1;;0;0;;;;;1;;;170;Anime;anime;;;;;;;;;;;0
;;;BATIMOVIL DETECTIVE COMICS 27;1;0;visible;;;;;taxable;;1;1;;0;0;;;;;1;;;25;Anime;anime;;;;;;;;;;;0
;;;BATMAN ARKHAM CITY;1;0;visible;;;;;taxable;;1;1;;0;0;;;;;1;;;55;Anime;anime;;;;;;;;;;;0
;;;BATMAN BATMAN VS SUPERMAN;1;0;visible;;;;;taxable;;1;1;;0;0;;;;;1;;;80;Anime;anime;;;;;;;;;;;0
;;;BATMAN BATMAN VS SUPERMAN 1/6;1;0;visible;;;;;taxable;;1;1;;0;0;;;;;1;;;75;Anime;anime;;;;;;;;;;;0
;;;BATMAN BATMAN VS SUPERMAN 1/7;1;0;visible;;;;;taxable;;1;1;;0;0;;;;;1;;;65;Anime;anime;;;;;;;;;;;0
;;;BATMAN DARK KNIGHT;1;0;visible;;;;;taxable;;1;1;;0;0;;;;;1;;;90;Anime;anime;;;;;;;;;;;0
;;;BATMAN SERIE ANIMADA;1;0;visible;;;;;taxable;;1;1;;0;0;;;;;1;;;50;Anime;anime;;;;;;;;;;;0
;;;BATMAN SOVEREIGN KNIGHT;1;0;visible;;;;;taxable;;1;1;;0;0;;;;;1;;;125;Anime;anime;;;;;;;;;;;0
;;;BATMAN SUPREME KNIGHT;1;0;visible;;;;;taxable;;1;1;;0;0;;;;;1;;;135;Anime;anime;;;;;;;;;;;0
;;;BATMAN THE DARK KNIGHT;1;0;visible;;;;;taxable;;1;1;;0;0;;;;;1;;;225;Anime;anime;;;;;;;;;;;0
;;;CATWOMAN;1;0;visible;;;;;taxable;;1;1;;0;0;;;;;1;;;80;Anime;anime;;;;;;;;;;;0
;;;HARLEY QUINN;1;0;visible;;;;;taxable;;1;1;;0;0;;;;;1;;;130;Anime;anime;;;;;;;;;;;0
;;;JOKER;1;0;visible;;;;;taxable;;1;1;;0;0;;;;;1;;;45;Anime;anime;;;;;;;;;;;0
;;;JOKER;1;0;visible;;;;;taxable;;1;1;;0;0;;;;;1;;;70;Anime;anime;;;;;;;;;;;0
;;;JOKER;1;0;visible;;;;;taxable;;1;1;;0;0;;;;;1;;;125;Anime;anime;;;;;;;;;;;0
;;;JOKER;1;0;visible;;;;;taxable;;1;1;;0;0;;;;;1;;;120;Anime;anime;;;;;;;;;;;0
;;;SUPERMAN JUSTICE LEAGUE;1;0;visible;;;;;taxable;;1;1;;0;0;;;;;1;;;85;Anime;anime;;;;;;;;;;;0
;;;WONDER WOMAN;1;0;visible;;;;;taxable;;1;1;;0;0;;;;;1;;;75;Anime;anime;;;;;;;;;;;0
;;;WONDER WOMAN;1;0;visible;;;;;taxable;;1;1;;0;0;;;;;1;;;125;Anime;anime;;;;;;;;;;;0
;;;WONDER WOMAN 1984;1;0;visible;;;;;taxable;;1;1;;0;0;;;;;1;;;75;Anime;anime;;;;;;;;;;;0
;;;RYUK;1;0;visible;;;;;taxable;;1;1;;0;0;;;;;1;;;35;Anime;anime;;;;;;;;;;;0
;;;DETECTIVE CONAN;1;0;visible;;;;;taxable;;1;1;;0;0;;;;;1;;;55;Anime;anime;;;;;;;;;;;0
;;;DORUMON/ALPHAMON;1;0;visible;;;;;taxable;;1;1;;0;0;;;;;1;;;85;Anime;anime;;;;;;;;;;;0
;;;METAL GARURUMON;1;0;visible;;;;;taxable;;1;1;;0;0;;;;;1;;;100;Anime;anime;;;;;;;;;;;0
;;;TENTOMON/ATLURKABUTERIMON;1;0;visible;;;;;taxable;;1;1;;0;0;;;;;1;;;85;Anime;anime;;;;;;;;;;;0
;;;ANDROID 17;1;0;visible;;;;;taxable;;1;1;;0;0;;;;;1;;;50;Anime;anime;;;;;;;;;;;0
;;;ANDROID 18;1;0;visible;;;;;taxable;;1;1;;0;0;;;;;1;;;50;Anime;anime;;;;;;;;;;;0
;;;BARDOCK;1;0;visible;;;;;taxable;;1;1;;0;0;;;;;1;;;55;Anime;anime;;;;;;;;;;;0
;;;BROLY ;1;0;visible;;;;;taxable;;1;1;;0;0;;;;;1;;;65;Anime;anime;;;;;;;;;;;0
;;;BULMA KID;1;0;visible;;;;;taxable;;1;1;;0;0;;;;;1;;;65;Anime;anime;;;;;;;;;;;0
;;;CHI-CHI - MILK KID;1;0;visible;;;;;taxable;;1;1;;0;0;;;;;1;;;65;Anime;anime;;;;;;;;;;;0
;;;EFECTO AURA AMARILLA;1;0;visible;;;;;taxable;;1;1;;0;0;;;;;1;;;35;Anime;anime;;;;;;;;;;;0
;;;FREEZER HOOVER POD;1;0;visible;;;;;taxable;;1;1;;0;0;;;;;1;;;55;Anime;anime;;;;;;;;;;;0
;;;GINYU;1;0;visible;;;;;taxable;;1;1;;0;0;;;;;1;;;70;Anime;anime;;;;;;;;;;;0
;;;GOGETA SSJ4;1;0;visible;;;;;taxable;;1;1;;0;0;;;;;1;;;55;Anime;anime;;;;;;;;;;;0
;;;GOGETA SSJ4;1;0;visible;;;;;taxable;;1;1;;0;0;;;;;1;;;55;Anime;anime;;;;;;;;;;;0
;;;GOKU ;1;0;visible;;;;;taxable;;1;1;;0;0;;;;;1;;;115;Anime;anime;;;;;;;;;;;0
;;;GOKU ULTRAINSTINTO;1;0;visible;;;;;taxable;;1;1;;0;0;;;;;1;;;60;Anime;anime;;;;;;;;;;;0
;;;GOKU, BLACK, TRUNKS X3;1;0;visible;;;;;taxable;;1;1;;0;0;;;;;1;;;90;Anime;anime;;;;;;;;;;;0
;;;GREAT APE VEGETA OZARU;1;0;visible;;;;;taxable;;1;1;;0;0;;;;;1;;;220;Anime;anime;;;;;;;;;;;0
;;;JACKIE CHUN;1;0;visible;;;;;taxable;;1;1;;0;0;;;;;1;;;80;Anime;anime;;;;;;;;;;;0
;;;JIREN;1;0;visible;;;;;taxable;;1;1;;0;0;;;;;1;;;70;Anime;anime;;;;;;;;;;;0
;;;JIREN FULL POWER;1;0;visible;;;;;taxable;;1;1;;0;0;;;;;1;;;55;Anime;anime;;;;;;;;;;;0
;;;MAJIN BUU FAT;1;0;visible;;;;;taxable;;1;1;;0;0;;;;;1;;;55;Anime;anime;;;;;;;;;;;0
;;;MAJIN BUU FAT;1;0;visible;;;;;taxable;;1;1;;0;0;;;;;1;;;70;Anime;anime;;;;;;;;;;;0
;;;GREAT APE VEGETA OZARU;1;0;visible;;;;;taxable;;1;1;;0;0;;;;;1;;;220;Anime;anime;;;;;;;;;;;0
;;;PICCORO 2.0;1;0;visible;;;;;taxable;;1;1;;0;0;;;;;1;;;65;Anime;anime;;;;;;;;;;;0
;;;PICCORO DAIMAOH;1;0;visible;;;;;taxable;;1;1;;0;0;;;;;1;;;85;Anime;anime;;;;;;;;;;;0
;;;TAO PAI PAI;1;0;visible;;;;;taxable;;1;1;;0;0;;;;;1;;;75;Anime;anime;;;;;;;;;;;0
;;;VEGETA SSJ AZUL;1;0;visible;;;;;taxable;;1;1;;0;0;;;;;1;;;55;Anime;anime;;;;;;;;;;;0
;;;VEGETA SSJ4;1;0;visible;;;;;taxable;;1;1;;0;0;;;;;1;;;65;Anime;anime;;;;;;;;;;;0
;;;VEGETA SSJ4;1;0;visible;;;;;taxable;;1;1;;0;0;;;;;1;;;65;Anime;anime;;;;;;;;;;;0
;;;VEGETTO SSJ AZUL;1;0;visible;;;;;taxable;;1;1;;0;0;;;;;1;;;65;Anime;anime;;;;;;;;;;;0
;;;VEGETTO SSJ AZUL;1;0;visible;;;;;taxable;;1;1;;0;0;;;;;1;;;100;Anime;anime;;;;;;;;;;;0
;;;NOZOMI KUSUNOKI;1;0;visible;;;;;taxable;;1;1;;0;0;;;;;1;;;220;Anime;anime;;;;;;;;;;;0
;;;EFECTO ROCK BEIGE VER.;1;0;visible;;;;;taxable;;1;1;;0;0;;;;;1;;;40;Anime;anime;;;;;;;;;;;0
;;;EVA 00;1;0;visible;;;;;taxable;;1;1;;0;0;;;;;1;;;80;Anime;anime;;;;;;;;;;;0
;;;EVA 01;1;0;visible;;;;;taxable;;1;1;;0;0;;;;;1;;;60;Anime;anime;;;;;;;;;;;0
;;;EVA 01;1;0;visible;;;;;taxable;;1;1;;0;0;;;;;1;;;65;Anime;anime;;;;;;;;;;;0
;;;EVA 01;1;0;visible;;;;;taxable;;1;1;;0;0;;;;;1;;;85;Anime;anime;;;;;;;;;;;0
;;;EVA 01;1;0;visible;;;;;taxable;;1;1;;0;0;;;;;1;;;85;Anime;anime;;;;;;;;;;;0
;;;EVA 01;1;0;visible;;;;;taxable;;1;1;;0;0;;;;;1;;;100;Anime;anime;;;;;;;;;;;0
;;;EVA 02;1;0;visible;;;;;taxable;;1;1;;0;0;;;;;1;;;90;Anime;anime;;;;;;;;;;;0
;;;EVA 05;1;0;visible;;;;;taxable;;1;1;;0;0;;;;;1;;;95;Anime;anime;;;;;;;;;;;0
;;;LUCY HEARTFILIA;1;0;visible;;;;;taxable;;1;1;;0;0;;;;;1;;;140;Anime;anime;;;;;;;;;;;0
;;;"GUNDAM ASTRAY Gold Frame Amatsu ""Gundam SEED Destiny""";1;0;visible;;;;;taxable;;1;1;;0;0;;;;;1;;;80;Anime;anime;;;;;;;;;;;0
;;;GUNDAM EXIA PG - CON KIT DE LUCES;1;0;visible;;;;;taxable;;1;1;;0;0;;;;;1;;;360;Anime;anime;;;;;;;;;;;0
;;;GUNDAM RX-78-2;1;0;visible;;;;;taxable;;1;1;;0;0;;;;;1;;;55;Anime;anime;;;;;;;;;;;0
;;;GUNDAM RX-78-2;1;0;visible;;;;;taxable;;1;1;;0;0;;;;;1;;;150;Anime;anime;;;;;;;;;;;0
;;;GUNDAM RX-9/C NARRATIVE C-PACKS;1;0;visible;;;;;taxable;;1;1;;0;0;;;;;1;;;45;Anime;anime;;;;;;;;;;;0
;;;GUNDAM SANDROCK XXXG-01SR;1;0;visible;;;;;taxable;;1;1;;0;0;;;;;1;;;75;Anime;anime;;;;;;;;;;;0
;;;GUNDAM SINANJU NEO ZEON MAS;1;0;visible;;;;;taxable;;1;1;;0;0;;;;;1;;;58;Anime;anime;;;;;;;;;;;0
;;;GUNDAM STRIKE FREEDOM ZAFT MOBILE SUIT ZGMF-X20A;1;0;visible;;;;;taxable;;1;1;;0;0;;;;;1;;;55;Anime;anime;;;;;;;;;;;0
;;;"GUNDAM Wing Gundam Zero (EW) Ver.Ka ""Endless Waltz"",";1;0;visible;;;;;taxable;;1;1;;0;0;;;;;1;;;85;Anime;anime;;;;;;;;;;;0
;;;"GUNDAM WING PROTO ZERO (EW) ""Endless Waltz""";1;0;visible;;;;;taxable;;1;1;;0;0;;;;;1;;;75;Anime;anime;;;;;;;;;;;0
;;;GUNDAM WING XXXG-01W;1;0;visible;;;;;taxable;;1;1;;0;0;;;;;1;;;65;Anime;anime;;;;;;;;;;;0
;;;HARRY POTTER;1;0;visible;;;;;taxable;;1;1;;0;0;;;;;1;;;45;Anime;anime;;;;;;;;;;;0
;;;SEVERUS SNAPE;1;0;visible;;;;;taxable;;1;1;;0;0;;;;;1;;;55;Anime;anime;;;;;;;;;;;0
;;;SAKURAI KANAE;1;0;visible;;;;;taxable;;1;1;;0;0;;;;;1;;;165;Anime;anime;;;;;;;;;;;0
;;;KYO KUSANAGI;1;0;visible;;;;;taxable;;1;1;;0;0;;;;;1;;;90;Anime;anime;;;;;;;;;;;0
;;;AHRI;1;0;visible;;;;;taxable;;1;1;;0;0;;;;;1;;;35;Anime;anime;;;;;;;;;;;0
;;;GOLLUM ;1;0;visible;;;;;taxable;;1;1;;0;0;;;;;1;;;40;Anime;anime;;;;;;;;;;;0
;;;ANT MAN;1;0;visible;;;;;taxable;;1;1;;0;0;;;;;1;;;70;Anime;anime;;;;;;;;;;;0
;;;ANT MAN & ANT;1;0;visible;;;;;taxable;;1;1;;0;0;;;;;1;;;100;Anime;anime;;;;;;;;;;;0
;;;BLACK WIDOW CON EFECTOS;1;0;visible;;;;;taxable;;1;1;;0;0;;;;;1;;;120;Anime;anime;;;;;;;;;;;0
;;;CABLE;1;0;visible;;;;;taxable;;1;1;;0;0;;;;;1;;;75;Anime;anime;;;;;;;;;;;0
;;;CAPITAN AMERICA CAP VS CAP;1;0;visible;;;;;taxable;;1;1;;0;0;;;;;1;;;95;Anime;anime;;;;;;;;;;;0
;;;CAPITAN AMERICA EXPLOSION SET;1;0;visible;;;;;taxable;;1;1;;0;0;;;;;1;;;85;Anime;anime;;;;;;;;;;;0
;;;CAPITAN AMERICA FINAL BATTLE;1;0;visible;;;;;taxable;;1;1;;0;0;;;;;1;;;95;Anime;anime;;;;;;;;;;;0
;;;CAPITAN AMERICA WW2;1;0;visible;;;;;taxable;;1;1;;0;0;;;;;1;;;45;Anime;anime;;;;;;;;;;;0
;;;CAPITANA MARVEL;1;0;visible;;;;;taxable;;1;1;;0;0;;;;;1;;;45;Anime;anime;;;;;;;;;;;0
;;;CAPITANA MARVEL;1;0;visible;;;;;taxable;;1;1;;0;0;;;;;1;;;120;Anime;anime;;;;;;;;;;;0
;;;CICLOPE;1;0;visible;;;;;taxable;;1;1;;0;0;;;;;1;;;140;Anime;anime;;;;;;;;;;;0
;;;DEADPOOL;1;0;visible;;;;;taxable;;1;1;;0;0;;;;;1;;;45;Anime;anime;;;;;;;;;;;0
;;;DR STRANGE;1;0;visible;;;;;taxable;;1;1;;0;0;;;;;1;;;75;Anime;anime;;;;;;;;;;;0
;;;HULK, THOR, IRONMAN HEROIC AGE HEROES;1;0;visible;;;;;taxable;;1;1;;0;0;;;;;1;;;35;Anime;anime;;;;;;;;;;;0
;;;HULKBUSTER;1;0;visible;;;;;taxable;;1;1;;0;0;;;;;1;;;80;Anime;anime;;;;;;;;;;;0
;;;IRON MAN COMIC;1;0;visible;;;;;taxable;;1;1;;0;0;;;;;1;;;130;Anime;anime;;;;;;;;;;;0
;;;IRON MAN MARK 1;1;0;visible;;;;;taxable;;1;1;;0;0;;;;;1;;;130;Anime;anime;;;;;;;;;;;0
;;;IRON MAN MARK 1;1;0;visible;;;;;taxable;;1;1;;0;0;;;;;1;;;95;Anime;anime;;;;;;;;;;;0
;;;IRON MAN MARK 2;1;0;visible;;;;;taxable;;1;1;;0;0;;;;;1;;;85;Anime;anime;;;;;;;;;;;0
;;;IRON MAN MARK 85;1;0;visible;;;;;taxable;;1;1;;0;0;;;;;1;;;65;Anime;anime;;;;;;;;;;;0
;;;IRON MAN MARK 85 FINAL BATTLE;1;0;visible;;;;;taxable;;1;1;;0;0;;;;;1;;;95;Anime;anime;;;;;;;;;;;0
;;;IRON PATRIOT;1;0;visible;;;;;taxable;;1;1;;0;0;;;;;1;;;130;Anime;anime;;;;;;;;;;;0
;;;IRON PATRIOT;1;0;visible;;;;;taxable;;1;1;;0;0;;;;;1;;;150;Anime;anime;;;;;;;;;;;0
;;;LOKI ;1;0;visible;;;;;taxable;;1;1;;0;0;;;;;1;;;95;Anime;anime;;;;;;;;;;;0
;;;MAGNETO;1;0;visible;;;;;taxable;;1;1;;0;0;;;;;1;;;120;Anime;anime;;;;;;;;;;;0
;;;PANTERA NEGRA CON EFECTOS;1;0;visible;;;;;taxable;;1;1;;0;0;;;;;1;;;115;Anime;anime;;;;;;;;;;;0
;;;SPIDERMAN;1;0;visible;;;;;taxable;;1;1;;0;0;;;;;1;;;430;Anime;anime;;;;;;;;;;;0
;;;SPIDERMAN ;1;0;visible;;;;;taxable;;1;1;;0;0;;;;;1;;;45;Anime;anime;;;;;;;;;;;0
;;;STAN LEE;1;0;visible;;;;;taxable;;1;1;;0;0;;;;;1;;;55;Anime;anime;;;;;;;;;;;0
;;;STAR-LORD CON SET;1;0;visible;;;;;taxable;;1;1;;0;0;;;;;1;;;110;Anime;anime;;;;;;;;;;;0
;;;THANOS INFINITY WAR;1;0;visible;;;;;taxable;;1;1;;0;0;;;;;1;;;40;Anime;anime;;;;;;;;;;;0
;;;THANOS INFINITY WAR;1;0;visible;;;;;taxable;;1;1;;0;0;;;;;1;;;90;Anime;anime;;;;;;;;;;;0
;;;THANOS INFINITY WAR;1;0;visible;;;;;taxable;;1;1;;0;0;;;;;1;;;75;Anime;anime;;;;;;;;;;;0
;;;THOR;1;0;visible;;;;;taxable;;1;1;;0;0;;;;;1;;;75;Anime;anime;;;;;;;;;;;0
;;;THOR;1;0;visible;;;;;taxable;;1;1;;0;0;;;;;1;;;85;Anime;anime;;;;;;;;;;;0
;;;THOR & GROOT;1;0;visible;;;;;taxable;;1;1;;0;0;;;;;1;;;65;Anime;anime;;;;;;;;;;;0
;;;THOR RAGNAROK CON EFECTOS;1;0;visible;;;;;taxable;;1;1;;0;0;;;;;1;;;95;Anime;anime;;;;;;;;;;;0
;;;TONY STARK EXCLUSIVO;1;0;visible;;;;;taxable;;1;1;;0;0;;;;;1;;;120;Anime;anime;;;;;;;;;;;0
;;;WAR MACHINE;1;0;visible;;;;;taxable;;1;1;;0;0;;;;;1;;;150;Anime;anime;;;;;;;;;;;0
;;;WAR MACHINE;1;0;visible;;;;;taxable;;1;1;;0;0;;;;;1;;;80;Anime;anime;;;;;;;;;;;0
;;;WOLVERINE;1;0;visible;;;;;taxable;;1;1;;0;0;;;;;1;;;125;Anime;anime;;;;;;;;;;;0
;;;GETTER ROBOT;1;0;visible;;;;;taxable;;1;1;;0;0;;;;;1;;;100;Anime;anime;;;;;;;;;;;0
;;;GRAN MAZINGER;1;0;visible;;;;;taxable;;1;1;;0;0;;;;;1;;;240;Anime;anime;;;;;;;;;;;0
;;;MAZINKAISER SKL FINAL COUNT;1;0;visible;;;;;taxable;;1;1;;0;0;;;;;1;;;120;Anime;anime;;;;;;;;;;;0
;;;MEGAMAN X;1;0;visible;;;;;taxable;;1;1;;0;0;;;;;1;;;155;Anime;anime;;;;;;;;;;;0
;;;LUFFY ;1;0;visible;;;;;taxable;;1;1;;0;0;;;;;1;;;65;Anime;anime;;;;;;;;;;;0
;;;SABO;1;0;visible;;;;;taxable;;1;1;;0;0;;;;;1;;;60;Anime;anime;;;;;;;;;;;0
;;;SANJI;1;0;visible;;;;;taxable;;1;1;;0;0;;;;;1;;;55;Anime;anime;;;;;;;;;;;0
;;;THOUSAND SUNNY BARCO;1;0;visible;;;;;taxable;;1;1;;0;0;;;;;1;;;85;Anime;anime;;;;;;;;;;;0
;;;RED RANGER - JASON;1;0;visible;;;;;taxable;;1;1;;0;0;;;;;1;;;85;Anime;anime;;;;;;;;;;;0
;;;WHITE RANGER - TOMMY;1;0;visible;;;;;taxable;;1;1;;0;0;;;;;1;;;65;Anime;anime;;;;;;;;;;;0
;;;SAILOR JUPITER;1;0;visible;;;;;taxable;;1;1;;0;0;;;;;1;;;40;Anime;anime;;;;;;;;;;;0
;;;SAILOR MERCURY - AMY;1;0;visible;;;;;taxable;;1;1;;0;0;;;;;1;;;65;Anime;anime;;;;;;;;;;;0
;;;SAILOR MOON - SERENA USAGI;1;0;visible;;;;;taxable;;1;1;;0;0;;;;;1;;;65;Anime;anime;;;;;;;;;;;0
;;;SAILOR MARTE -  ;1;0;visible;;;;;taxable;;1;1;;0;0;;;;;1;;;85;Anime;anime;;;;;;;;;;;0
;;;ANDROMEDA DIVINO V4 SHUN;1;0;visible;;;;;taxable;;1;1;;0;0;;;;;1;;;95;Anime;anime;;;;;;;;;;;0
;;;ESCORPION DIVINO MILO;1;0;visible;;;;;taxable;;1;1;;0;0;;;;;1;;;160;Anime;anime;;;;;;;;;;;0
;;;PISCIS AFRODITA REVIVAL;1;0;visible;;;;;taxable;;1;1;;0;0;;;;;1;;;180;Anime;anime;;;;;;;;;;;0
;;;TAURO ALDEBARAN;1;0;visible;;;;;taxable;;1;1;;0;0;;;;;1;;;160;Anime;anime;;;;;;;;;;;0
;;;SAKURA;1;0;visible;;;;;taxable;;1;1;;0;0;;;;;1;;;90;Anime;anime;;;;;;;;;;;0
;;;SPAWN;1;0;visible;;;;;taxable;;1;1;;0;0;;;;;1;;;55;Anime;anime;;;;;;;;;;;0
;;;CHEWBACCA;1;0;visible;;;;;taxable;;1;1;;0;0;;;;;1;;;75;Anime;anime;;;;;;;;;;;0
;;;DARTH VADER;1;0;visible;;;;;taxable;;1;1;;0;0;;;;;1;;;55;Anime;anime;;;;;;;;;;;0
;;;DARTH VADER;1;0;visible;;;;;taxable;;1;1;;0;0;;;;;1;;;100;Anime;anime;;;;;;;;;;;0
;;;DARTH VADER ;1;0;visible;;;;;taxable;;1;1;;0;0;;;;;1;;;45;Anime;anime;;;;;;;;;;;0
;;;FIRST ORDER STORMTROOPER;1;0;visible;;;;;taxable;;1;1;;0;0;;;;;1;;;45;Anime;anime;;;;;;;;;;;0
;;;FIRST ORDER TIE FIGHTER SET;1;0;visible;;;;;taxable;;1;1;;0;0;;;;;1;;;12;Anime;anime;;;;;;;;;;;0
;;;KYLO REN;1;0;visible;;;;;taxable;;1;1;;0;0;;;;;1;;;55;Anime;anime;;;;;;;;;;;0
;;;MILLENNIUM FALCON;1;0;visible;;;;;taxable;;1;1;;0;0;;;;;1;;;70;Anime;anime;;;;;;;;;;;0
;;;POES BOOSTED X-WING FIGTHER;1;0;visible;;;;;taxable;;1;1;;0;0;;;;;1;;;45;Anime;anime;;;;;;;;;;;0
;;;POES X-WING FIGHTER & X-WING FIGHTER;1;0;visible;;;;;taxable;;1;1;;0;0;;;;;1;;;50;Anime;anime;;;;;;;;;;;0
;;;SHADOW STORMTROOPER;1;0;visible;;;;;taxable;;1;1;;0;0;;;;;1;;;45;Anime;anime;;;;;;;;;;;0
;;;STORMTROOPER FIRST ORDER;1;0;visible;;;;;taxable;;1;1;;0;0;;;;;1;;;75;Anime;anime;;;;;;;;;;;0
;;;STORMTROOPER FIRST ORDER;1;0;visible;;;;;taxable;;1;1;;0;0;;;;;1;;;80;Anime;anime;;;;;;;;;;;0
;;;THE LAST JEDI CLEAR VEHICLE SET;1;0;visible;;;;;taxable;;1;1;;0;0;;;;;1;;;40;Anime;anime;;;;;;;;;;;0
;;;U-WING FIGHTER & TIE STRIKER;1;0;visible;;;;;taxable;;1;1;;0;0;;;;;1;;;45;Anime;anime;;;;;;;;;;;0
;;;X-WING STARFIGTHER;1;0;visible;;;;;taxable;;1;1;;0;0;;;;;1;;;50;Anime;anime;;;;;;;;;;;0
;;;YODA;1;0;visible;;;;;taxable;;1;1;;0;0;;;;;1;;;55;Anime;anime;;;;;;;;;;;0
;;;BLANKA;1;0;visible;;;;;taxable;;1;1;;0;0;;;;;1;;;85;Anime;anime;;;;;;;;;;;0
;;;CHUN LI;1;0;visible;;;;;taxable;;1;1;;0;0;;;;;1;;;90;Anime;anime;;;;;;;;;;;0
;;;GOUKI / AKUMA;1;0;visible;;;;;taxable;;1;1;;0;0;;;;;1;;;85;Anime;anime;;;;;;;;;;;0
;;;M. BISON;1;0;visible;;;;;taxable;;1;1;;0;0;;;;;1;;;85;Anime;anime;;;;;;;;;;;0
;;;SAGAT;1;0;visible;;;;;taxable;;1;1;;0;0;;;;;1;;;95;Anime;anime;;;;;;;;;;;0
;;;SUZUMIYA HARUHI;1;0;visible;;;;;taxable;;1;1;;0;0;;;;;1;;;65;Anime;anime;;;;;;;;;;;0
;;;TEKKAMAN;1;0;visible;;;;;taxable;;1;1;;0;0;;;;;1;;;95;Anime;anime;;;;;;;;;;;0
;;;GURREN LAGANN FULL DRILLIZED;1;0;visible;;;;;taxable;;1;1;;0;0;;;;;1;;;80;Anime;anime;;;;;;;;;;;0
;;;TERMINATOR ENDOSKELETON;1;0;visible;;;;;taxable;;1;1;;0;0;;;;;1;;;45;Anime;anime;;;;;;;;;;;0
;;;TERMINATOR T-1000 POLICE DISGUISE;1;0;visible;;;;;taxable;;1;1;;0;0;;;;;1;;;40;Anime;anime;;;;;;;;;;;0
;;;TERMINATOR T-800;1;0;visible;;;;;taxable;;1;1;;0;0;;;;;1;;;35;Anime;anime;;;;;;;;;;;0
;;;TERMINATOR T-800;1;0;visible;;;;;taxable;;1;1;;0;0;;;;;1;;;95;Anime;anime;;;;;;;;;;;0
;;;TERMINATOR T-800 GUARDIAN;1;0;visible;;;;;taxable;;1;1;;0;0;;;;;1;;;40;Anime;anime;;;;;;;;;;;0
;;;FREDDY KRUEGER;1;0;visible;;;;;taxable;;1;1;;0;0;;;;;1;;;120;Anime;anime;;;;;;;;;;;0
;;;JASON;1;0;visible;;;;;taxable;;1;1;;0;0;;;;;1;;;120;Anime;anime;;;;;;;;;;;0
;;;PENNYWISE;1;0;visible;;;;;taxable;;1;1;;0;0;;;;;1;;;45;Anime;anime;;;;;;;;;;;0
;;;PENNYWISE;1;0;visible;;;;;taxable;;1;1;;0;0;;;;;1;;;145;Anime;anime;;;;;;;;;;;0
;;;PENNYWISE;1;0;visible;;;;;taxable;;1;1;;0;0;;;;;1;;;60;Anime;anime;;;;;;;;;;;0
;;;SAW BILLY CON SONIDO;1;0;visible;;;;;taxable;;1;1;;0;0;;;;;1;;;145;Anime;anime;;;;;;;;;;;0
;;;TETSUJIN 28 GX-24R;1;0;visible;;;;;taxable;;1;1;;0;0;;;;;1;;;140;Anime;anime;;;;;;;;;;;0
;;;DONATELLO;1;0;visible;;;;;taxable;;1;1;;0;0;;;;;1;;;45;Anime;anime;;;;;;;;;;;0
;;;DONATELLO;1;0;visible;;;;;taxable;;1;1;;0;0;;;;;1;;;55;Anime;anime;;;;;;;;;;;0
;;;LEONARDO;1;0;visible;;;;;taxable;;1;1;;0;0;;;;;1;;;45;Anime;anime;;;;;;;;;;;0
;;;LEONARDO;1;0;visible;;;;;taxable;;1;1;;0;0;;;;;1;;;55;Anime;anime;;;;;;;;;;;0
;;;MIGUEL ANGEL;1;0;visible;;;;;taxable;;1;1;;0;0;;;;;1;;;45;Anime;anime;;;;;;;;;;;0
;;;MIGUEL ANGEL;1;0;visible;;;;;taxable;;1;1;;0;0;;;;;1;;;55;Anime;anime;;;;;;;;;;;0
;;;RAFAEL;1;0;visible;;;;;taxable;;1;1;;0;0;;;;;1;;;45;Anime;anime;;;;;;;;;;;0
;;;RAFAEL;1;0;visible;;;;;taxable;;1;1;;0;0;;;;;1;;;55;Anime;anime;;;;;;;;;;;0
;;;OPTIMUS PRIME;1;0;visible;;;;;taxable;;1;1;;0;0;;;;;1;;;185;Anime;anime;;;;;;;;;;;0
;;;OPTIMUS PRIME ;1;0;visible;;;;;taxable;;1;1;;0;0;;;;;1;;;140;Anime;anime;;;;;;;;;;;0
;;;OPTIMUS PRIME MCS-01;1;0;visible;;;;;taxable;;1;1;;0;0;;;;;1;;;100;Anime;anime;;;;;;;;;;;0
;;;MIKU HATSUNE;1;0;visible;;;;;taxable;;1;1;;0;0;;;;;1;;;125;Anime;anime;;;;;;;;;;;0
;;;MIKU HATSUNE;1;0;visible;;;;;taxable;;1;1;;0;0;;;;;1;;;60;Anime;anime;;;;;;;;;;;0
;;;THE GOVERNOR;1;0;visible;;;;;taxable;;1;1;;0;0;;;;;1;;;25;Anime;anime;;;;;;;;;;;0
;;;THE ROCK;1;0;visible;;;;;taxable;;1;1;;0;0;;;;;1;;;60;Anime;anime;;;;;;;;;;;0
;;;TRIPLE H;1;0;visible;;;;;taxable;;1;1;;0;0;;;;;1;;;60;Anime;anime;;;;;;;;;;;0
;;;JOKER;1;0;visible;;;;;taxable;;1;1;;0;0;;;;;1;;;75;Anime;anime;;;;;;;;;;;0
;;;SASUKE;1;0;visible;;;;;taxable;;1;1;;0;0;;;;;1;;;22;Anime;anime;;;;;;;;;;;0
;;;HARRY POTTER VS VOLDEMORT;1;0;visible;;;;;taxable;;1;1;;0;0;;;;;1;;;48;Anime;anime;;;;;;;;;;;0
;;;ANDROID 17;1;0;visible;;;;;taxable;;1;1;;0;0;;;;;1;;;24;Anime;anime;;;;;;;;;;;0
;;;JOHN WICK;1;0;visible;;;;;taxable;;1;1;;0;0;;;;;1;;;24;Anime;anime;;;;;;;;;;;0
;;;JIMIN;1;0;visible;;;;;taxable;;1;1;;0;0;;;;;1;;;24;Anime;anime;;;;;;;;;;;0
;;;TYRION LANNISTER;1;0;visible;;;;;taxable;;1;1;;0;0;;;;;1;;;22;Anime;anime;;;;;;;;;;;0
;;;BATMAN FOREVER;1;0;visible;;;;;taxable;;1;1;;0;0;;;;;1;;;24;Anime;anime;;;;;;;;;;;0
;;;BATMAN ;1;0;visible;;;;;taxable;;1;1;;0;0;;;;;1;;;24;Anime;anime;;;;;;;;;;;0
;;;BATMAN RED;1;0;visible;;;;;taxable;;1;1;;0;0;;;;;1;;;24;Anime;anime;;;;;;;;;;;0
